OtelAdi;Lokasyon;Url
Mandarin Resort Hotel;Bodrum Merkez;https://www.tatilbudur.com/mandarin-resort-hotel
MİAROSA İNCEKUM WEST;Alanya İncekum;https://www.tatilbudur.com/miarosa-incekum-west
SEY BEACH HOTEL & SPA;Alanya Kestel;https://www.tatilbudur.com/sey-beach-hotel-spa
KEMAL BAY;Alanya Konaklı;https://www.tatilbudur.com/kemal-bay
MC ARANCİA RESORT HOTEL;Alanya Konaklı;https://www.tatilbudur.com/mc-arancia-resort-hotel
Club Titan Hotel;Alanya Kargıcık;https://www.tatilbudur.com/club-titan-hotel
Green Peace Hotel;Alanya Mahmutlar;https://www.tatilbudur.com/green-peace-hotel
TAKSİM INTERNATİONAL OBAKÖY HOTEL;Alanya Obaköy;https://www.tatilbudur.com/taksim-international-obakoy-hotel
CLUB HOTEL ANJELİQ;Alanya Konaklı;https://www.tatilbudur.com/club-hotel-anjeliq
PEGASOS CLUB HOTEL;Alanya İncekum;https://www.tatilbudur.com/pegasos-club-hotel
DİM SUİT HOTEL ALANYA;Alanya Tosmur;https://www.tatilbudur.com/dim-suit-hotel-alanya
ASRIN BEACH;Alanya Türkler;https://www.tatilbudur.com/asrin-beach
OBA STAR HOTEL SPA;Alanya Obagöl;https://www.tatilbudur.com/oba-star-hotel-spa
ADENYA HOTEL & RESORT;Alanya Türkler;https://www.tatilbudur.com/adenya-hotel-resort
DELPHİN DE LUXE RESORT;Alanya Okurcalar;https://www.tatilbudur.com/delphin-de-luxe-resort
ŞİFALAR APART HOTEL;Alanya Merkez;https://www.tatilbudur.com/sifalar-apart-hotel
CLUB HOTEL KARABURUN;Alanya Karaburun;https://www.tatilbudur.com/club-hotel-karaburun
CLUB SUN HEAVEN SEA BİRD BEACH HOTEL;Alanya Konaklı;https://www.tatilbudur.com/club-sun-heaven-sea-bird-beach-hotel
CLUB SUN HEAVEN FAMİLY HOTEL;Alanya Konaklı;https://www.tatilbudur.com/club-sun-heaven-family-hotel
ORANGE COUNTY RESORT ALANYA;Alanya Okurcalar;https://www.tatilbudur.com/orange-county-resort-alanya
HOTEL CARİNA;Kuşadası Yılancı Burnu;https://www.tatilbudur.com/hotel-carina
GRAND BLUE SKY HOTEL;Kuşadası Kadınlar Denizi;https://www.tatilbudur.com/grand-blue-sky-hotel
AYMA BEACH RESORT & SPA;Kuşadası Kadınlar Denizi;https://www.tatilbudur.com/ayma-beach-resort-spa
LAVİSTA BOUTİQUE HOTEL & SPA;Kuşadası Yılancı Burnu;https://www.tatilbudur.com/lavista-boutique-hotel-spa
ADA CLASS HOTEL;Kuşadası Merkez;https://www.tatilbudur.com/ada-class-hotel
RİCHMOND EPHESUS RESORT;Kuşadası Pamucak;https://www.tatilbudur.com/richmond-ephesus-resort
HOTEL FAUSTİNA;Kuşadası Güzelçamlı;https://www.tatilbudur.com/hotel-faustina
PİNE CLUB BOUTİQUE HOTEL & SPA;Kuşadası Soğucak Köyü;https://www.tatilbudur.com/pine-club-boutique-hotel-spa
AKBULUT HOTEL & SPA;Kuşadası Güzelçamlı;https://www.tatilbudur.com/akbulut-hotel-spa
MARBEL HOTEL BY PALMWİNGS;Kuşadası Merkez;https://www.tatilbudur.com/marbel-hotel-by-palmwings
ASAYRA THERMAL HOTEL & SPA;Kuşadası Güzelçamlı;https://www.tatilbudur.com/asayra-thermal-hotel-spa